<?xml version='1.0' encoding='UTF-8'?>
<system creation-date="2025-05-23 21:03:35.767000" desc="" enable="False" id="55628E33-D581-411A-9591-5D184346241E" last-modified-date="" name="Controller1"><applications><application name="RobotWare" version="6.15.8029"><settings><system-xml path="C:\Users\MCMcraft\Documents\RobotStudio\Projects\Project_IRB120_referats_pec_video_uznemsanas\Virtual Controllers\Controller1\system.xml" /><key-id path="C:\Users\MCMcraft\Documents\RobotStudio\Projects\Project_IRB120_referats_pec_video_uznemsanas\Virtual Controllers\Controller1\INTERNAL\key.id" /><setting-file path="C:\Users\MCMcraft\Documents\RobotStudio\Projects\Project_IRB120_referats_pec_video_uznemsanas\Virtual Controllers\Controller1\INTERNAL\controller.rsf" /></settings></application></applications></system>