<?xml version="1.0" encoding="iso-8859-1"?>
<Version>
  <Major>6</Major>
  <Minor>15</Minor>
  <Build>8029</Build>
  <Revision>08</Revision>
  <SubRevision>00</SubRevision>
  <BuildTag></BuildTag>
  <VersionName>6.15.08.00</VersionName>
  <RobAPICompatibilityRevision>0</RobAPICompatibilityRevision>
  <Title>RobotWare</Title>
  <Type>RobotWare</Type>
  <Description>Controller Software</Description>
  <Date>2024-09-25</Date>
  <MCTimeStamp>#14:32:31/Sep 25 2024#</MCTimeStamp>
</Version>